,Unnamed: 0.2,Unnamed: 0.1,Unnamed: 0,filepaths,pipelines,groups,contrast,C2ST
0,1.0,1.0,361.0,/Volumes/egermani/hcp_many_pipelines_preprocess/normalized/group-113_right-hand_fsl-5-0-1_con.nii,fsl-5-0-1,113,right-hand,real
1,2.0,12.0,372.0,/Volumes/egermani/hcp_many_pipelines_preprocess/normalized/group-113_right-hand_spm-5-0-0_con.nii,spm-5-0-0,113,right-hand,real
2,5.0,25.0,385.0,/Volumes/egermani/hcp_many_pipelines_preprocess/normalized/group-114_right-hand_fsl-5-0-1_con.nii,fsl-5-0-1,114,right-hand,real
3,6.0,36.0,396.0,/Volumes/egermani/hcp_many_pipelines_preprocess/normalized/group-114_right-hand_spm-5-0-0_con.nii,spm-5-0-0,114,right-hand,real
4,9.0,49.0,481.0,/Volumes/egermani/hcp_many_pipelines_preprocess/normalized/group-118_right-hand_fsl-5-0-1_con.nii,fsl-5-0-1,118,right-hand,real
5,10.0,60.0,492.0,/Volumes/egermani/hcp_many_pipelines_preprocess/normalized/group-118_right-hand_spm-5-0-0_con.nii,spm-5-0-0,118,right-hand,real
6,13.0,73.0,505.0,/Volumes/egermani/hcp_many_pipelines_preprocess/normalized/group-119_right-hand_fsl-5-0-1_con.nii,fsl-5-0-1,119,right-hand,real
7,14.0,84.0,516.0,/Volumes/egermani/hcp_many_pipelines_preprocess/normalized/group-119_right-hand_spm-5-0-0_con.nii,spm-5-0-0,119,right-hand,real
8,17.0,97.0,601.0,/Volumes/egermani/hcp_many_pipelines_preprocess/normalized/group-122_right-hand_fsl-5-0-1_con.nii,fsl-5-0-1,122,right-hand,real
9,18.0,108.0,612.0,/Volumes/egermani/hcp_many_pipelines_preprocess/normalized/group-122_right-hand_spm-5-0-0_con.nii,spm-5-0-0,122,right-hand,real
10,21.0,121.0,769.0,/Volumes/egermani/hcp_many_pipelines_preprocess/normalized/group-129_right-hand_fsl-5-0-1_con.nii,fsl-5-0-1,129,right-hand,real
11,22.0,132.0,780.0,/Volumes/egermani/hcp_many_pipelines_preprocess/normalized/group-129_right-hand_spm-5-0-0_con.nii,spm-5-0-0,129,right-hand,real
12,25.0,145.0,793.0,/Volumes/egermani/hcp_many_pipelines_preprocess/normalized/group-12_right-hand_fsl-5-0-1_con.nii,fsl-5-0-1,12,right-hand,real
13,26.0,156.0,804.0,/Volumes/egermani/hcp_many_pipelines_preprocess/normalized/group-12_right-hand_spm-5-0-0_con.nii,spm-5-0-0,12,right-hand,real
14,29.0,169.0,1201.0,/Volumes/egermani/hcp_many_pipelines_preprocess/normalized/group-145_right-hand_fsl-5-0-1_con.nii,fsl-5-0-1,145,right-hand,real
15,30.0,180.0,1212.0,/Volumes/egermani/hcp_many_pipelines_preprocess/normalized/group-145_right-hand_spm-5-0-0_con.nii,spm-5-0-0,145,right-hand,real
16,33.0,193.0,1321.0,/Volumes/egermani/hcp_many_pipelines_preprocess/normalized/group-14_right-hand_fsl-5-0-1_con.nii,fsl-5-0-1,14,right-hand,real
17,34.0,204.0,1332.0,/Volumes/egermani/hcp_many_pipelines_preprocess/normalized/group-14_right-hand_spm-5-0-0_con.nii,spm-5-0-0,14,right-hand,real
18,37.0,217.0,1393.0,/Volumes/egermani/hcp_many_pipelines_preprocess/normalized/group-152_right-hand_fsl-5-0-1_con.nii,fsl-5-0-1,152,right-hand,real
19,38.0,228.0,1404.0,/Volumes/egermani/hcp_many_pipelines_preprocess/normalized/group-152_right-hand_spm-5-0-0_con.nii,spm-5-0-0,152,right-hand,real
20,41.0,241.0,1705.0,/Volumes/egermani/hcp_many_pipelines_preprocess/normalized/group-164_right-hand_fsl-5-0-1_con.nii,fsl-5-0-1,164,right-hand,real
21,42.0,252.0,1716.0,/Volumes/egermani/hcp_many_pipelines_preprocess/normalized/group-164_right-hand_spm-5-0-0_con.nii,spm-5-0-0,164,right-hand,real
22,45.0,265.0,1993.0,/Volumes/egermani/hcp_many_pipelines_preprocess/normalized/group-175_right-hand_fsl-5-0-1_con.nii,fsl-5-0-1,175,right-hand,real
23,46.0,276.0,2004.0,/Volumes/egermani/hcp_many_pipelines_preprocess/normalized/group-175_right-hand_spm-5-0-0_con.nii,spm-5-0-0,175,right-hand,real
24,49.0,289.0,2041.0,/Volumes/egermani/hcp_many_pipelines_preprocess/normalized/group-177_right-hand_fsl-5-0-1_con.nii,fsl-5-0-1,177,right-hand,real
25,50.0,300.0,2052.0,/Volumes/egermani/hcp_many_pipelines_preprocess/normalized/group-177_right-hand_spm-5-0-0_con.nii,spm-5-0-0,177,right-hand,real
26,53.0,313.0,2353.0,/Volumes/egermani/hcp_many_pipelines_preprocess/normalized/group-189_right-hand_fsl-5-0-1_con.nii,fsl-5-0-1,189,right-hand,real
27,54.0,324.0,2364.0,/Volumes/egermani/hcp_many_pipelines_preprocess/normalized/group-189_right-hand_spm-5-0-0_con.nii,spm-5-0-0,189,right-hand,real
28,57.0,337.0,2785.0,/Volumes/egermani/hcp_many_pipelines_preprocess/normalized/group-204_right-hand_fsl-5-0-1_con.nii,fsl-5-0-1,204,right-hand,real
29,58.0,348.0,2796.0,/Volumes/egermani/hcp_many_pipelines_preprocess/normalized/group-204_right-hand_spm-5-0-0_con.nii,spm-5-0-0,204,right-hand,real
30,61.0,361.0,3481.0,/Volumes/egermani/hcp_many_pipelines_preprocess/normalized/group-230_right-hand_fsl-5-0-1_con.nii,fsl-5-0-1,230,right-hand,real
31,62.0,372.0,3492.0,/Volumes/egermani/hcp_many_pipelines_preprocess/normalized/group-230_right-hand_spm-5-0-0_con.nii,spm-5-0-0,230,right-hand,real
32,65.0,385.0,3865.0,/Volumes/egermani/hcp_many_pipelines_preprocess/normalized/group-245_right-hand_fsl-5-0-1_con.nii,fsl-5-0-1,245,right-hand,real
33,66.0,396.0,3876.0,/Volumes/egermani/hcp_many_pipelines_preprocess/normalized/group-245_right-hand_spm-5-0-0_con.nii,spm-5-0-0,245,right-hand,real
34,69.0,409.0,3961.0,/Volumes/egermani/hcp_many_pipelines_preprocess/normalized/group-249_right-hand_fsl-5-0-1_con.nii,fsl-5-0-1,249,right-hand,real
35,70.0,420.0,3972.0,/Volumes/egermani/hcp_many_pipelines_preprocess/normalized/group-249_right-hand_spm-5-0-0_con.nii,spm-5-0-0,249,right-hand,real
36,73.0,433.0,4153.0,/Volumes/egermani/hcp_many_pipelines_preprocess/normalized/group-256_right-hand_fsl-5-0-1_con.nii,fsl-5-0-1,256,right-hand,real
37,74.0,444.0,4164.0,/Volumes/egermani/hcp_many_pipelines_preprocess/normalized/group-256_right-hand_spm-5-0-0_con.nii,spm-5-0-0,256,right-hand,real
38,77.0,457.0,4249.0,/Volumes/egermani/hcp_many_pipelines_preprocess/normalized/group-25_right-hand_fsl-5-0-1_con.nii,fsl-5-0-1,25,right-hand,real
39,78.0,468.0,4260.0,/Volumes/egermani/hcp_many_pipelines_preprocess/normalized/group-25_right-hand_spm-5-0-0_con.nii,spm-5-0-0,25,right-hand,real
40,81.0,481.0,4273.0,/Volumes/egermani/hcp_many_pipelines_preprocess/normalized/group-260_right-hand_fsl-5-0-1_con.nii,fsl-5-0-1,260,right-hand,real
41,82.0,492.0,4284.0,/Volumes/egermani/hcp_many_pipelines_preprocess/normalized/group-260_right-hand_spm-5-0-0_con.nii,spm-5-0-0,260,right-hand,real
42,85.0,505.0,4345.0,/Volumes/egermani/hcp_many_pipelines_preprocess/normalized/group-263_right-hand_fsl-5-0-1_con.nii,fsl-5-0-1,263,right-hand,real
43,86.0,516.0,4356.0,/Volumes/egermani/hcp_many_pipelines_preprocess/normalized/group-263_right-hand_spm-5-0-0_con.nii,spm-5-0-0,263,right-hand,real
44,89.0,529.0,4801.0,/Volumes/egermani/hcp_many_pipelines_preprocess/normalized/group-280_right-hand_fsl-5-0-1_con.nii,fsl-5-0-1,280,right-hand,real
45,90.0,540.0,4812.0,/Volumes/egermani/hcp_many_pipelines_preprocess/normalized/group-280_right-hand_spm-5-0-0_con.nii,spm-5-0-0,280,right-hand,real
46,93.0,553.0,5137.0,/Volumes/egermani/hcp_many_pipelines_preprocess/normalized/group-293_right-hand_fsl-5-0-1_con.nii,fsl-5-0-1,293,right-hand,real
47,94.0,564.0,5148.0,/Volumes/egermani/hcp_many_pipelines_preprocess/normalized/group-293_right-hand_spm-5-0-0_con.nii,spm-5-0-0,293,right-hand,real
48,97.0,577.0,5209.0,/Volumes/egermani/hcp_many_pipelines_preprocess/normalized/group-296_right-hand_fsl-5-0-1_con.nii,fsl-5-0-1,296,right-hand,real
49,98.0,588.0,5220.0,/Volumes/egermani/hcp_many_pipelines_preprocess/normalized/group-296_right-hand_spm-5-0-0_con.nii,spm-5-0-0,296,right-hand,real
50,101.0,601.0,5425.0,/Volumes/egermani/hcp_many_pipelines_preprocess/normalized/group-303_right-hand_fsl-5-0-1_con.nii,fsl-5-0-1,303,right-hand,real
51,102.0,612.0,5436.0,/Volumes/egermani/hcp_many_pipelines_preprocess/normalized/group-303_right-hand_spm-5-0-0_con.nii,spm-5-0-0,303,right-hand,real
52,105.0,625.0,5737.0,/Volumes/egermani/hcp_many_pipelines_preprocess/normalized/group-315_right-hand_fsl-5-0-1_con.nii,fsl-5-0-1,315,right-hand,real
53,106.0,636.0,5748.0,/Volumes/egermani/hcp_many_pipelines_preprocess/normalized/group-315_right-hand_spm-5-0-0_con.nii,spm-5-0-0,315,right-hand,real
54,109.0,649.0,5977.0,/Volumes/egermani/hcp_many_pipelines_preprocess/normalized/group-324_right-hand_fsl-5-0-1_con.nii,fsl-5-0-1,324,right-hand,real
55,110.0,660.0,5988.0,/Volumes/egermani/hcp_many_pipelines_preprocess/normalized/group-324_right-hand_spm-5-0-0_con.nii,spm-5-0-0,324,right-hand,real
56,113.0,673.0,6025.0,/Volumes/egermani/hcp_many_pipelines_preprocess/normalized/group-326_right-hand_fsl-5-0-1_con.nii,fsl-5-0-1,326,right-hand,real
57,114.0,684.0,6036.0,/Volumes/egermani/hcp_many_pipelines_preprocess/normalized/group-326_right-hand_spm-5-0-0_con.nii,spm-5-0-0,326,right-hand,real
58,117.0,697.0,6097.0,/Volumes/egermani/hcp_many_pipelines_preprocess/normalized/group-329_right-hand_fsl-5-0-1_con.nii,fsl-5-0-1,329,right-hand,real
59,118.0,708.0,6108.0,/Volumes/egermani/hcp_many_pipelines_preprocess/normalized/group-329_right-hand_spm-5-0-0_con.nii,spm-5-0-0,329,right-hand,real
60,121.0,721.0,6265.0,/Volumes/egermani/hcp_many_pipelines_preprocess/normalized/group-335_right-hand_fsl-5-0-1_con.nii,fsl-5-0-1,335,right-hand,real
61,122.0,732.0,6276.0,/Volumes/egermani/hcp_many_pipelines_preprocess/normalized/group-335_right-hand_spm-5-0-0_con.nii,spm-5-0-0,335,right-hand,real
62,125.0,745.0,6601.0,/Volumes/egermani/hcp_many_pipelines_preprocess/normalized/group-348_right-hand_fsl-5-0-1_con.nii,fsl-5-0-1,348,right-hand,real
63,126.0,756.0,6612.0,/Volumes/egermani/hcp_many_pipelines_preprocess/normalized/group-348_right-hand_spm-5-0-0_con.nii,spm-5-0-0,348,right-hand,real
64,129.0,769.0,6625.0,/Volumes/egermani/hcp_many_pipelines_preprocess/normalized/group-349_right-hand_fsl-5-0-1_con.nii,fsl-5-0-1,349,right-hand,real
65,130.0,780.0,6636.0,/Volumes/egermani/hcp_many_pipelines_preprocess/normalized/group-349_right-hand_spm-5-0-0_con.nii,spm-5-0-0,349,right-hand,real
66,133.0,793.0,6769.0,/Volumes/egermani/hcp_many_pipelines_preprocess/normalized/group-354_right-hand_fsl-5-0-1_con.nii,fsl-5-0-1,354,right-hand,real
67,134.0,804.0,6780.0,/Volumes/egermani/hcp_many_pipelines_preprocess/normalized/group-354_right-hand_spm-5-0-0_con.nii,spm-5-0-0,354,right-hand,real
68,137.0,817.0,6889.0,/Volumes/egermani/hcp_many_pipelines_preprocess/normalized/group-359_right-hand_fsl-5-0-1_con.nii,fsl-5-0-1,359,right-hand,real
69,138.0,828.0,6900.0,/Volumes/egermani/hcp_many_pipelines_preprocess/normalized/group-359_right-hand_spm-5-0-0_con.nii,spm-5-0-0,359,right-hand,real
70,141.0,841.0,7201.0,/Volumes/egermani/hcp_many_pipelines_preprocess/normalized/group-370_right-hand_fsl-5-0-1_con.nii,fsl-5-0-1,370,right-hand,real
71,142.0,852.0,7212.0,/Volumes/egermani/hcp_many_pipelines_preprocess/normalized/group-370_right-hand_spm-5-0-0_con.nii,spm-5-0-0,370,right-hand,real
72,145.0,865.0,7297.0,/Volumes/egermani/hcp_many_pipelines_preprocess/normalized/group-374_right-hand_fsl-5-0-1_con.nii,fsl-5-0-1,374,right-hand,real
73,146.0,876.0,7308.0,/Volumes/egermani/hcp_many_pipelines_preprocess/normalized/group-374_right-hand_spm-5-0-0_con.nii,spm-5-0-0,374,right-hand,real
74,149.0,889.0,7513.0,/Volumes/egermani/hcp_many_pipelines_preprocess/normalized/group-382_right-hand_fsl-5-0-1_con.nii,fsl-5-0-1,382,right-hand,real
75,150.0,900.0,7524.0,/Volumes/egermani/hcp_many_pipelines_preprocess/normalized/group-382_right-hand_spm-5-0-0_con.nii,spm-5-0-0,382,right-hand,real
76,153.0,913.0,7609.0,/Volumes/egermani/hcp_many_pipelines_preprocess/normalized/group-386_right-hand_fsl-5-0-1_con.nii,fsl-5-0-1,386,right-hand,real
77,154.0,924.0,7620.0,/Volumes/egermani/hcp_many_pipelines_preprocess/normalized/group-386_right-hand_spm-5-0-0_con.nii,spm-5-0-0,386,right-hand,real
78,157.0,937.0,7993.0,/Volumes/egermani/hcp_many_pipelines_preprocess/normalized/group-3_right-hand_fsl-5-0-1_con.nii,fsl-5-0-1,3,right-hand,real
79,158.0,948.0,8004.0,/Volumes/egermani/hcp_many_pipelines_preprocess/normalized/group-3_right-hand_spm-5-0-0_con.nii,spm-5-0-0,3,right-hand,real
80,161.0,961.0,8137.0,/Volumes/egermani/hcp_many_pipelines_preprocess/normalized/group-405_right-hand_fsl-5-0-1_con.nii,fsl-5-0-1,405,right-hand,real
81,162.0,972.0,8148.0,/Volumes/egermani/hcp_many_pipelines_preprocess/normalized/group-405_right-hand_spm-5-0-0_con.nii,spm-5-0-0,405,right-hand,real
82,165.0,985.0,8185.0,/Volumes/egermani/hcp_many_pipelines_preprocess/normalized/group-407_right-hand_fsl-5-0-1_con.nii,fsl-5-0-1,407,right-hand,real
83,166.0,996.0,8196.0,/Volumes/egermani/hcp_many_pipelines_preprocess/normalized/group-407_right-hand_spm-5-0-0_con.nii,spm-5-0-0,407,right-hand,real
84,169.0,1009.0,8281.0,/Volumes/egermani/hcp_many_pipelines_preprocess/normalized/group-410_right-hand_fsl-5-0-1_con.nii,fsl-5-0-1,410,right-hand,real
85,170.0,1020.0,8292.0,/Volumes/egermani/hcp_many_pipelines_preprocess/normalized/group-410_right-hand_spm-5-0-0_con.nii,spm-5-0-0,410,right-hand,real
86,173.0,1033.0,8305.0,/Volumes/egermani/hcp_many_pipelines_preprocess/normalized/group-411_right-hand_fsl-5-0-1_con.nii,fsl-5-0-1,411,right-hand,real
87,174.0,1044.0,8316.0,/Volumes/egermani/hcp_many_pipelines_preprocess/normalized/group-411_right-hand_spm-5-0-0_con.nii,spm-5-0-0,411,right-hand,real
88,177.0,1057.0,9361.0,/Volumes/egermani/hcp_many_pipelines_preprocess/normalized/group-451_right-hand_fsl-5-0-1_con.nii,fsl-5-0-1,451,right-hand,real
89,178.0,1068.0,9372.0,/Volumes/egermani/hcp_many_pipelines_preprocess/normalized/group-451_right-hand_spm-5-0-0_con.nii,spm-5-0-0,451,right-hand,real
90,181.0,1081.0,9385.0,/Volumes/egermani/hcp_many_pipelines_preprocess/normalized/group-452_right-hand_fsl-5-0-1_con.nii,fsl-5-0-1,452,right-hand,real
91,182.0,1092.0,9396.0,/Volumes/egermani/hcp_many_pipelines_preprocess/normalized/group-452_right-hand_spm-5-0-0_con.nii,spm-5-0-0,452,right-hand,real
92,185.0,1105.0,10249.0,/Volumes/egermani/hcp_many_pipelines_preprocess/normalized/group-485_right-hand_fsl-5-0-1_con.nii,fsl-5-0-1,485,right-hand,real
93,186.0,1116.0,10260.0,/Volumes/egermani/hcp_many_pipelines_preprocess/normalized/group-485_right-hand_spm-5-0-0_con.nii,spm-5-0-0,485,right-hand,real
94,189.0,1129.0,10393.0,/Volumes/egermani/hcp_many_pipelines_preprocess/normalized/group-490_right-hand_fsl-5-0-1_con.nii,fsl-5-0-1,490,right-hand,real
95,190.0,1140.0,10404.0,/Volumes/egermani/hcp_many_pipelines_preprocess/normalized/group-490_right-hand_spm-5-0-0_con.nii,spm-5-0-0,490,right-hand,real
96,193.0,1153.0,10681.0,/Volumes/egermani/hcp_many_pipelines_preprocess/normalized/group-500_right-hand_fsl-5-0-1_con.nii,fsl-5-0-1,500,right-hand,real
97,194.0,1164.0,10692.0,/Volumes/egermani/hcp_many_pipelines_preprocess/normalized/group-500_right-hand_spm-5-0-0_con.nii,spm-5-0-0,500,right-hand,real
98,197.0,1177.0,11161.0,/Volumes/egermani/hcp_many_pipelines_preprocess/normalized/group-519_right-hand_fsl-5-0-1_con.nii,fsl-5-0-1,519,right-hand,real
99,198.0,1188.0,11172.0,/Volumes/egermani/hcp_many_pipelines_preprocess/normalized/group-519_right-hand_spm-5-0-0_con.nii,spm-5-0-0,519,right-hand,real
100,201.0,1201.0,11233.0,/Volumes/egermani/hcp_many_pipelines_preprocess/normalized/group-521_right-hand_fsl-5-0-1_con.nii,fsl-5-0-1,521,right-hand,real
101,202.0,1212.0,11244.0,/Volumes/egermani/hcp_many_pipelines_preprocess/normalized/group-521_right-hand_spm-5-0-0_con.nii,spm-5-0-0,521,right-hand,real
102,205.0,1225.0,11329.0,/Volumes/egermani/hcp_many_pipelines_preprocess/normalized/group-525_right-hand_fsl-5-0-1_con.nii,fsl-5-0-1,525,right-hand,real
103,206.0,1236.0,11340.0,/Volumes/egermani/hcp_many_pipelines_preprocess/normalized/group-525_right-hand_spm-5-0-0_con.nii,spm-5-0-0,525,right-hand,real
104,209.0,1249.0,11377.0,/Volumes/egermani/hcp_many_pipelines_preprocess/normalized/group-527_right-hand_fsl-5-0-1_con.nii,fsl-5-0-1,527,right-hand,real
105,210.0,1260.0,11388.0,/Volumes/egermani/hcp_many_pipelines_preprocess/normalized/group-527_right-hand_spm-5-0-0_con.nii,spm-5-0-0,527,right-hand,real
106,213.0,1273.0,11689.0,/Volumes/egermani/hcp_many_pipelines_preprocess/normalized/group-539_right-hand_fsl-5-0-1_con.nii,fsl-5-0-1,539,right-hand,real
107,214.0,1284.0,11700.0,/Volumes/egermani/hcp_many_pipelines_preprocess/normalized/group-539_right-hand_spm-5-0-0_con.nii,spm-5-0-0,539,right-hand,real
108,217.0,1297.0,11833.0,/Volumes/egermani/hcp_many_pipelines_preprocess/normalized/group-544_right-hand_fsl-5-0-1_con.nii,fsl-5-0-1,544,right-hand,real
109,218.0,1308.0,11844.0,/Volumes/egermani/hcp_many_pipelines_preprocess/normalized/group-544_right-hand_spm-5-0-0_con.nii,spm-5-0-0,544,right-hand,real
110,221.0,1321.0,11953.0,/Volumes/egermani/hcp_many_pipelines_preprocess/normalized/group-549_right-hand_fsl-5-0-1_con.nii,fsl-5-0-1,549,right-hand,real
111,222.0,1332.0,11964.0,/Volumes/egermani/hcp_many_pipelines_preprocess/normalized/group-549_right-hand_spm-5-0-0_con.nii,spm-5-0-0,549,right-hand,real
112,225.0,1345.0,12073.0,/Volumes/egermani/hcp_many_pipelines_preprocess/normalized/group-553_right-hand_fsl-5-0-1_con.nii,fsl-5-0-1,553,right-hand,real
113,226.0,1356.0,12084.0,/Volumes/egermani/hcp_many_pipelines_preprocess/normalized/group-553_right-hand_spm-5-0-0_con.nii,spm-5-0-0,553,right-hand,real
114,229.0,1369.0,12121.0,/Volumes/egermani/hcp_many_pipelines_preprocess/normalized/group-555_right-hand_fsl-5-0-1_con.nii,fsl-5-0-1,555,right-hand,real
115,230.0,1380.0,12132.0,/Volumes/egermani/hcp_many_pipelines_preprocess/normalized/group-555_right-hand_spm-5-0-0_con.nii,spm-5-0-0,555,right-hand,real
116,233.0,1393.0,12265.0,/Volumes/egermani/hcp_many_pipelines_preprocess/normalized/group-560_right-hand_fsl-5-0-1_con.nii,fsl-5-0-1,560,right-hand,real
117,234.0,1404.0,12276.0,/Volumes/egermani/hcp_many_pipelines_preprocess/normalized/group-560_right-hand_spm-5-0-0_con.nii,spm-5-0-0,560,right-hand,real
118,237.0,1417.0,12457.0,/Volumes/egermani/hcp_many_pipelines_preprocess/normalized/group-568_right-hand_fsl-5-0-1_con.nii,fsl-5-0-1,568,right-hand,real
119,238.0,1428.0,12468.0,/Volumes/egermani/hcp_many_pipelines_preprocess/normalized/group-568_right-hand_spm-5-0-0_con.nii,spm-5-0-0,568,right-hand,real
120,241.0,1441.0,12601.0,/Volumes/egermani/hcp_many_pipelines_preprocess/normalized/group-573_right-hand_fsl-5-0-1_con.nii,fsl-5-0-1,573,right-hand,real
121,242.0,1452.0,12612.0,/Volumes/egermani/hcp_many_pipelines_preprocess/normalized/group-573_right-hand_spm-5-0-0_con.nii,spm-5-0-0,573,right-hand,real
122,245.0,1465.0,12889.0,/Volumes/egermani/hcp_many_pipelines_preprocess/normalized/group-584_right-hand_fsl-5-0-1_con.nii,fsl-5-0-1,584,right-hand,real
123,246.0,1476.0,12900.0,/Volumes/egermani/hcp_many_pipelines_preprocess/normalized/group-584_right-hand_spm-5-0-0_con.nii,spm-5-0-0,584,right-hand,real
124,249.0,1489.0,13201.0,/Volumes/egermani/hcp_many_pipelines_preprocess/normalized/group-596_right-hand_fsl-5-0-1_con.nii,fsl-5-0-1,596,right-hand,real
125,250.0,1500.0,13212.0,/Volumes/egermani/hcp_many_pipelines_preprocess/normalized/group-596_right-hand_spm-5-0-0_con.nii,spm-5-0-0,596,right-hand,real
126,253.0,1513.0,13897.0,/Volumes/egermani/hcp_many_pipelines_preprocess/normalized/group-621_right-hand_fsl-5-0-1_con.nii,fsl-5-0-1,621,right-hand,real
127,254.0,1524.0,13908.0,/Volumes/egermani/hcp_many_pipelines_preprocess/normalized/group-621_right-hand_spm-5-0-0_con.nii,spm-5-0-0,621,right-hand,real
128,257.0,1537.0,14041.0,/Volumes/egermani/hcp_many_pipelines_preprocess/normalized/group-627_right-hand_fsl-5-0-1_con.nii,fsl-5-0-1,627,right-hand,real
129,258.0,1548.0,14052.0,/Volumes/egermani/hcp_many_pipelines_preprocess/normalized/group-627_right-hand_spm-5-0-0_con.nii,spm-5-0-0,627,right-hand,real
130,261.0,1561.0,14161.0,/Volumes/egermani/hcp_many_pipelines_preprocess/normalized/group-631_right-hand_fsl-5-0-1_con.nii,fsl-5-0-1,631,right-hand,real
131,262.0,1572.0,14172.0,/Volumes/egermani/hcp_many_pipelines_preprocess/normalized/group-631_right-hand_spm-5-0-0_con.nii,spm-5-0-0,631,right-hand,real
132,265.0,1585.0,14257.0,/Volumes/egermani/hcp_many_pipelines_preprocess/normalized/group-635_right-hand_fsl-5-0-1_con.nii,fsl-5-0-1,635,right-hand,real
133,266.0,1596.0,14268.0,/Volumes/egermani/hcp_many_pipelines_preprocess/normalized/group-635_right-hand_spm-5-0-0_con.nii,spm-5-0-0,635,right-hand,real
134,269.0,1609.0,14473.0,/Volumes/egermani/hcp_many_pipelines_preprocess/normalized/group-643_right-hand_fsl-5-0-1_con.nii,fsl-5-0-1,643,right-hand,real
135,270.0,1620.0,14484.0,/Volumes/egermani/hcp_many_pipelines_preprocess/normalized/group-643_right-hand_spm-5-0-0_con.nii,spm-5-0-0,643,right-hand,real
136,273.0,1633.0,14497.0,/Volumes/egermani/hcp_many_pipelines_preprocess/normalized/group-644_right-hand_fsl-5-0-1_con.nii,fsl-5-0-1,644,right-hand,real
137,274.0,1644.0,14508.0,/Volumes/egermani/hcp_many_pipelines_preprocess/normalized/group-644_right-hand_spm-5-0-0_con.nii,spm-5-0-0,644,right-hand,real
138,277.0,1657.0,14713.0,/Volumes/egermani/hcp_many_pipelines_preprocess/normalized/group-652_right-hand_fsl-5-0-1_con.nii,fsl-5-0-1,652,right-hand,real
139,278.0,1668.0,14724.0,/Volumes/egermani/hcp_many_pipelines_preprocess/normalized/group-652_right-hand_spm-5-0-0_con.nii,spm-5-0-0,652,right-hand,real
140,281.0,1681.0,14857.0,/Volumes/egermani/hcp_many_pipelines_preprocess/normalized/group-658_right-hand_fsl-5-0-1_con.nii,fsl-5-0-1,658,right-hand,real
141,282.0,1692.0,14868.0,/Volumes/egermani/hcp_many_pipelines_preprocess/normalized/group-658_right-hand_spm-5-0-0_con.nii,spm-5-0-0,658,right-hand,real
142,285.0,1705.0,15625.0,/Volumes/egermani/hcp_many_pipelines_preprocess/normalized/group-687_right-hand_fsl-5-0-1_con.nii,fsl-5-0-1,687,right-hand,real
143,286.0,1716.0,15636.0,/Volumes/egermani/hcp_many_pipelines_preprocess/normalized/group-687_right-hand_spm-5-0-0_con.nii,spm-5-0-0,687,right-hand,real
144,289.0,1729.0,16177.0,/Volumes/egermani/hcp_many_pipelines_preprocess/normalized/group-707_right-hand_fsl-5-0-1_con.nii,fsl-5-0-1,707,right-hand,real
145,290.0,1740.0,16188.0,/Volumes/egermani/hcp_many_pipelines_preprocess/normalized/group-707_right-hand_spm-5-0-0_con.nii,spm-5-0-0,707,right-hand,real
146,293.0,1753.0,16249.0,/Volumes/egermani/hcp_many_pipelines_preprocess/normalized/group-70_right-hand_fsl-5-0-1_con.nii,fsl-5-0-1,70,right-hand,real
147,294.0,1764.0,16260.0,/Volumes/egermani/hcp_many_pipelines_preprocess/normalized/group-70_right-hand_spm-5-0-0_con.nii,spm-5-0-0,70,right-hand,real
148,297.0,1777.0,16345.0,/Volumes/egermani/hcp_many_pipelines_preprocess/normalized/group-713_right-hand_fsl-5-0-1_con.nii,fsl-5-0-1,713,right-hand,real
149,298.0,1788.0,16356.0,/Volumes/egermani/hcp_many_pipelines_preprocess/normalized/group-713_right-hand_spm-5-0-0_con.nii,spm-5-0-0,713,right-hand,real
150,301.0,1801.0,16657.0,/Volumes/egermani/hcp_many_pipelines_preprocess/normalized/group-725_right-hand_fsl-5-0-1_con.nii,fsl-5-0-1,725,right-hand,real
151,302.0,1812.0,16668.0,/Volumes/egermani/hcp_many_pipelines_preprocess/normalized/group-725_right-hand_spm-5-0-0_con.nii,spm-5-0-0,725,right-hand,real
152,305.0,1825.0,17137.0,/Volumes/egermani/hcp_many_pipelines_preprocess/normalized/group-743_right-hand_fsl-5-0-1_con.nii,fsl-5-0-1,743,right-hand,real
153,306.0,1836.0,17148.0,/Volumes/egermani/hcp_many_pipelines_preprocess/normalized/group-743_right-hand_spm-5-0-0_con.nii,spm-5-0-0,743,right-hand,real
154,309.0,1849.0,17953.0,/Volumes/egermani/hcp_many_pipelines_preprocess/normalized/group-774_right-hand_fsl-5-0-1_con.nii,fsl-5-0-1,774,right-hand,real
155,310.0,1860.0,17964.0,/Volumes/egermani/hcp_many_pipelines_preprocess/normalized/group-774_right-hand_spm-5-0-0_con.nii,spm-5-0-0,774,right-hand,real
156,313.0,1873.0,18265.0,/Volumes/egermani/hcp_many_pipelines_preprocess/normalized/group-786_right-hand_fsl-5-0-1_con.nii,fsl-5-0-1,786,right-hand,real
157,314.0,1884.0,18276.0,/Volumes/egermani/hcp_many_pipelines_preprocess/normalized/group-786_right-hand_spm-5-0-0_con.nii,spm-5-0-0,786,right-hand,real
158,317.0,1897.0,18385.0,/Volumes/egermani/hcp_many_pipelines_preprocess/normalized/group-790_right-hand_fsl-5-0-1_con.nii,fsl-5-0-1,790,right-hand,real
159,318.0,1908.0,18396.0,/Volumes/egermani/hcp_many_pipelines_preprocess/normalized/group-790_right-hand_spm-5-0-0_con.nii,spm-5-0-0,790,right-hand,real
160,321.0,1921.0,19033.0,/Volumes/egermani/hcp_many_pipelines_preprocess/normalized/group-814_right-hand_fsl-5-0-1_con.nii,fsl-5-0-1,814,right-hand,real
161,322.0,1932.0,19044.0,/Volumes/egermani/hcp_many_pipelines_preprocess/normalized/group-814_right-hand_spm-5-0-0_con.nii,spm-5-0-0,814,right-hand,real
162,325.0,1945.0,19225.0,/Volumes/egermani/hcp_many_pipelines_preprocess/normalized/group-821_right-hand_fsl-5-0-1_con.nii,fsl-5-0-1,821,right-hand,real
163,326.0,1956.0,19236.0,/Volumes/egermani/hcp_many_pipelines_preprocess/normalized/group-821_right-hand_spm-5-0-0_con.nii,spm-5-0-0,821,right-hand,real
164,329.0,1969.0,19369.0,/Volumes/egermani/hcp_many_pipelines_preprocess/normalized/group-827_right-hand_fsl-5-0-1_con.nii,fsl-5-0-1,827,right-hand,real
165,330.0,1980.0,19380.0,/Volumes/egermani/hcp_many_pipelines_preprocess/normalized/group-827_right-hand_spm-5-0-0_con.nii,spm-5-0-0,827,right-hand,real
166,333.0,1993.0,19537.0,/Volumes/egermani/hcp_many_pipelines_preprocess/normalized/group-833_right-hand_fsl-5-0-1_con.nii,fsl-5-0-1,833,right-hand,real
167,334.0,2004.0,19548.0,/Volumes/egermani/hcp_many_pipelines_preprocess/normalized/group-833_right-hand_spm-5-0-0_con.nii,spm-5-0-0,833,right-hand,real
168,337.0,2017.0,19633.0,/Volumes/egermani/hcp_many_pipelines_preprocess/normalized/group-837_right-hand_fsl-5-0-1_con.nii,fsl-5-0-1,837,right-hand,real
169,338.0,2028.0,19644.0,/Volumes/egermani/hcp_many_pipelines_preprocess/normalized/group-837_right-hand_spm-5-0-0_con.nii,spm-5-0-0,837,right-hand,real
170,341.0,2041.0,19897.0,/Volumes/egermani/hcp_many_pipelines_preprocess/normalized/group-847_right-hand_fsl-5-0-1_con.nii,fsl-5-0-1,847,right-hand,real
171,342.0,2052.0,19908.0,/Volumes/egermani/hcp_many_pipelines_preprocess/normalized/group-847_right-hand_spm-5-0-0_con.nii,spm-5-0-0,847,right-hand,real
172,345.0,2065.0,20113.0,/Volumes/egermani/hcp_many_pipelines_preprocess/normalized/group-855_right-hand_fsl-5-0-1_con.nii,fsl-5-0-1,855,right-hand,real
173,346.0,2076.0,20124.0,/Volumes/egermani/hcp_many_pipelines_preprocess/normalized/group-855_right-hand_spm-5-0-0_con.nii,spm-5-0-0,855,right-hand,real
174,349.0,2089.0,20593.0,/Volumes/egermani/hcp_many_pipelines_preprocess/normalized/group-873_right-hand_fsl-5-0-1_con.nii,fsl-5-0-1,873,right-hand,real
175,350.0,2100.0,20604.0,/Volumes/egermani/hcp_many_pipelines_preprocess/normalized/group-873_right-hand_spm-5-0-0_con.nii,spm-5-0-0,873,right-hand,real
176,353.0,2113.0,20641.0,/Volumes/egermani/hcp_many_pipelines_preprocess/normalized/group-875_right-hand_fsl-5-0-1_con.nii,fsl-5-0-1,875,right-hand,real
177,354.0,2124.0,20652.0,/Volumes/egermani/hcp_many_pipelines_preprocess/normalized/group-875_right-hand_spm-5-0-0_con.nii,spm-5-0-0,875,right-hand,real
178,357.0,2137.0,20737.0,/Volumes/egermani/hcp_many_pipelines_preprocess/normalized/group-879_right-hand_fsl-5-0-1_con.nii,fsl-5-0-1,879,right-hand,real
179,358.0,2148.0,20748.0,/Volumes/egermani/hcp_many_pipelines_preprocess/normalized/group-879_right-hand_spm-5-0-0_con.nii,spm-5-0-0,879,right-hand,real
180,361.0,2161.0,21001.0,/Volumes/egermani/hcp_many_pipelines_preprocess/normalized/group-889_right-hand_fsl-5-0-1_con.nii,fsl-5-0-1,889,right-hand,real
181,362.0,2172.0,21012.0,/Volumes/egermani/hcp_many_pipelines_preprocess/normalized/group-889_right-hand_spm-5-0-0_con.nii,spm-5-0-0,889,right-hand,real
182,365.0,2185.0,21289.0,/Volumes/egermani/hcp_many_pipelines_preprocess/normalized/group-89_right-hand_fsl-5-0-1_con.nii,fsl-5-0-1,89,right-hand,real
183,366.0,2196.0,21300.0,/Volumes/egermani/hcp_many_pipelines_preprocess/normalized/group-89_right-hand_spm-5-0-0_con.nii,spm-5-0-0,89,right-hand,real
184,369.0,2209.0,21649.0,/Volumes/egermani/hcp_many_pipelines_preprocess/normalized/group-912_right-hand_fsl-5-0-1_con.nii,fsl-5-0-1,912,right-hand,real
185,370.0,2220.0,21660.0,/Volumes/egermani/hcp_many_pipelines_preprocess/normalized/group-912_right-hand_spm-5-0-0_con.nii,spm-5-0-0,912,right-hand,real
186,373.0,2233.0,22057.0,/Volumes/egermani/hcp_many_pipelines_preprocess/normalized/group-928_right-hand_fsl-5-0-1_con.nii,fsl-5-0-1,928,right-hand,real
187,374.0,2244.0,22068.0,/Volumes/egermani/hcp_many_pipelines_preprocess/normalized/group-928_right-hand_spm-5-0-0_con.nii,spm-5-0-0,928,right-hand,real
188,377.0,2257.0,22105.0,/Volumes/egermani/hcp_many_pipelines_preprocess/normalized/group-92_right-hand_fsl-5-0-1_con.nii,fsl-5-0-1,92,right-hand,real
189,378.0,2268.0,22116.0,/Volumes/egermani/hcp_many_pipelines_preprocess/normalized/group-92_right-hand_spm-5-0-0_con.nii,spm-5-0-0,92,right-hand,real
190,381.0,2281.0,22249.0,/Volumes/egermani/hcp_many_pipelines_preprocess/normalized/group-935_right-hand_fsl-5-0-1_con.nii,fsl-5-0-1,935,right-hand,real
191,382.0,2292.0,22260.0,/Volumes/egermani/hcp_many_pipelines_preprocess/normalized/group-935_right-hand_spm-5-0-0_con.nii,spm-5-0-0,935,right-hand,real
192,385.0,2305.0,22657.0,/Volumes/egermani/hcp_many_pipelines_preprocess/normalized/group-950_right-hand_fsl-5-0-1_con.nii,fsl-5-0-1,950,right-hand,real
193,386.0,2316.0,22668.0,/Volumes/egermani/hcp_many_pipelines_preprocess/normalized/group-950_right-hand_spm-5-0-0_con.nii,spm-5-0-0,950,right-hand,real
194,389.0,2329.0,22705.0,/Volumes/egermani/hcp_many_pipelines_preprocess/normalized/group-952_right-hand_fsl-5-0-1_con.nii,fsl-5-0-1,952,right-hand,real
195,390.0,2340.0,22716.0,/Volumes/egermani/hcp_many_pipelines_preprocess/normalized/group-952_right-hand_spm-5-0-0_con.nii,spm-5-0-0,952,right-hand,real
196,393.0,2353.0,23881.0,/Volumes/egermani/hcp_many_pipelines_preprocess/normalized/group-997_right-hand_fsl-5-0-1_con.nii,fsl-5-0-1,997,right-hand,real
197,394.0,2364.0,23892.0,/Volumes/egermani/hcp_many_pipelines_preprocess/normalized/group-997_right-hand_spm-5-0-0_con.nii,spm-5-0-0,997,right-hand,real
198,397.0,2377.0,23953.0,/Volumes/egermani/hcp_many_pipelines_preprocess/normalized/group-99_right-hand_fsl-5-0-1_con.nii,fsl-5-0-1,99,right-hand,real
199,398.0,2388.0,23964.0,/Volumes/egermani/hcp_many_pipelines_preprocess/normalized/group-99_right-hand_spm-5-0-0_con.nii,spm-5-0-0,99,right-hand,real
0,,,,/Volumes/egermani/stargan/samples-2class/gen_img-0_orig-fsl-5-0-1_target-spm-5-0-0.nii.gz,spm-5-0-0,0,right-hand,fake
1,,,,/Volumes/egermani/stargan/samples-2class/gen_img-100_orig-fsl-5-0-1_target-spm-5-0-0.nii.gz,spm-5-0-0,100,right-hand,fake
2,,,,/Volumes/egermani/stargan/samples-2class/gen_img-101_orig-spm-5-0-0_target-fsl-5-0-1.nii.gz,fsl-5-0-1,101,right-hand,fake
3,,,,/Volumes/egermani/stargan/samples-2class/gen_img-102_orig-fsl-5-0-1_target-spm-5-0-0.nii.gz,spm-5-0-0,102,right-hand,fake
4,,,,/Volumes/egermani/stargan/samples-2class/gen_img-103_orig-spm-5-0-0_target-fsl-5-0-1.nii.gz,fsl-5-0-1,103,right-hand,fake
5,,,,/Volumes/egermani/stargan/samples-2class/gen_img-104_orig-fsl-5-0-1_target-spm-5-0-0.nii.gz,spm-5-0-0,104,right-hand,fake
6,,,,/Volumes/egermani/stargan/samples-2class/gen_img-105_orig-spm-5-0-0_target-fsl-5-0-1.nii.gz,fsl-5-0-1,105,right-hand,fake
7,,,,/Volumes/egermani/stargan/samples-2class/gen_img-106_orig-fsl-5-0-1_target-spm-5-0-0.nii.gz,spm-5-0-0,106,right-hand,fake
8,,,,/Volumes/egermani/stargan/samples-2class/gen_img-107_orig-spm-5-0-0_target-fsl-5-0-1.nii.gz,fsl-5-0-1,107,right-hand,fake
9,,,,/Volumes/egermani/stargan/samples-2class/gen_img-108_orig-fsl-5-0-1_target-spm-5-0-0.nii.gz,spm-5-0-0,108,right-hand,fake
10,,,,/Volumes/egermani/stargan/samples-2class/gen_img-109_orig-spm-5-0-0_target-fsl-5-0-1.nii.gz,fsl-5-0-1,109,right-hand,fake
11,,,,/Volumes/egermani/stargan/samples-2class/gen_img-10_orig-fsl-5-0-1_target-spm-5-0-0.nii.gz,spm-5-0-0,10,right-hand,fake
12,,,,/Volumes/egermani/stargan/samples-2class/gen_img-110_orig-fsl-5-0-1_target-spm-5-0-0.nii.gz,spm-5-0-0,110,right-hand,fake
13,,,,/Volumes/egermani/stargan/samples-2class/gen_img-111_orig-spm-5-0-0_target-fsl-5-0-1.nii.gz,fsl-5-0-1,111,right-hand,fake
14,,,,/Volumes/egermani/stargan/samples-2class/gen_img-112_orig-fsl-5-0-1_target-spm-5-0-0.nii.gz,spm-5-0-0,112,right-hand,fake
15,,,,/Volumes/egermani/stargan/samples-2class/gen_img-113_orig-spm-5-0-0_target-fsl-5-0-1.nii.gz,fsl-5-0-1,113,right-hand,fake
16,,,,/Volumes/egermani/stargan/samples-2class/gen_img-114_orig-fsl-5-0-1_target-spm-5-0-0.nii.gz,spm-5-0-0,114,right-hand,fake
17,,,,/Volumes/egermani/stargan/samples-2class/gen_img-115_orig-spm-5-0-0_target-fsl-5-0-1.nii.gz,fsl-5-0-1,115,right-hand,fake
18,,,,/Volumes/egermani/stargan/samples-2class/gen_img-116_orig-fsl-5-0-1_target-spm-5-0-0.nii.gz,spm-5-0-0,116,right-hand,fake
19,,,,/Volumes/egermani/stargan/samples-2class/gen_img-117_orig-spm-5-0-0_target-fsl-5-0-1.nii.gz,fsl-5-0-1,117,right-hand,fake
20,,,,/Volumes/egermani/stargan/samples-2class/gen_img-118_orig-fsl-5-0-1_target-spm-5-0-0.nii.gz,spm-5-0-0,118,right-hand,fake
21,,,,/Volumes/egermani/stargan/samples-2class/gen_img-119_orig-spm-5-0-0_target-fsl-5-0-1.nii.gz,fsl-5-0-1,119,right-hand,fake
22,,,,/Volumes/egermani/stargan/samples-2class/gen_img-11_orig-spm-5-0-0_target-fsl-5-0-1.nii.gz,fsl-5-0-1,11,right-hand,fake
23,,,,/Volumes/egermani/stargan/samples-2class/gen_img-120_orig-fsl-5-0-1_target-spm-5-0-0.nii.gz,spm-5-0-0,120,right-hand,fake
24,,,,/Volumes/egermani/stargan/samples-2class/gen_img-121_orig-spm-5-0-0_target-fsl-5-0-1.nii.gz,fsl-5-0-1,121,right-hand,fake
25,,,,/Volumes/egermani/stargan/samples-2class/gen_img-122_orig-fsl-5-0-1_target-spm-5-0-0.nii.gz,spm-5-0-0,122,right-hand,fake
26,,,,/Volumes/egermani/stargan/samples-2class/gen_img-123_orig-spm-5-0-0_target-fsl-5-0-1.nii.gz,fsl-5-0-1,123,right-hand,fake
27,,,,/Volumes/egermani/stargan/samples-2class/gen_img-124_orig-fsl-5-0-1_target-spm-5-0-0.nii.gz,spm-5-0-0,124,right-hand,fake
28,,,,/Volumes/egermani/stargan/samples-2class/gen_img-125_orig-spm-5-0-0_target-fsl-5-0-1.nii.gz,fsl-5-0-1,125,right-hand,fake
29,,,,/Volumes/egermani/stargan/samples-2class/gen_img-126_orig-fsl-5-0-1_target-spm-5-0-0.nii.gz,spm-5-0-0,126,right-hand,fake
30,,,,/Volumes/egermani/stargan/samples-2class/gen_img-127_orig-spm-5-0-0_target-fsl-5-0-1.nii.gz,fsl-5-0-1,127,right-hand,fake
31,,,,/Volumes/egermani/stargan/samples-2class/gen_img-128_orig-fsl-5-0-1_target-spm-5-0-0.nii.gz,spm-5-0-0,128,right-hand,fake
32,,,,/Volumes/egermani/stargan/samples-2class/gen_img-129_orig-spm-5-0-0_target-fsl-5-0-1.nii.gz,fsl-5-0-1,129,right-hand,fake
33,,,,/Volumes/egermani/stargan/samples-2class/gen_img-12_orig-fsl-5-0-1_target-spm-5-0-0.nii.gz,spm-5-0-0,12,right-hand,fake
34,,,,/Volumes/egermani/stargan/samples-2class/gen_img-130_orig-fsl-5-0-1_target-spm-5-0-0.nii.gz,spm-5-0-0,130,right-hand,fake
35,,,,/Volumes/egermani/stargan/samples-2class/gen_img-131_orig-spm-5-0-0_target-fsl-5-0-1.nii.gz,fsl-5-0-1,131,right-hand,fake
36,,,,/Volumes/egermani/stargan/samples-2class/gen_img-132_orig-fsl-5-0-1_target-spm-5-0-0.nii.gz,spm-5-0-0,132,right-hand,fake
37,,,,/Volumes/egermani/stargan/samples-2class/gen_img-133_orig-spm-5-0-0_target-fsl-5-0-1.nii.gz,fsl-5-0-1,133,right-hand,fake
38,,,,/Volumes/egermani/stargan/samples-2class/gen_img-134_orig-fsl-5-0-1_target-spm-5-0-0.nii.gz,spm-5-0-0,134,right-hand,fake
39,,,,/Volumes/egermani/stargan/samples-2class/gen_img-135_orig-spm-5-0-0_target-fsl-5-0-1.nii.gz,fsl-5-0-1,135,right-hand,fake
40,,,,/Volumes/egermani/stargan/samples-2class/gen_img-136_orig-fsl-5-0-1_target-spm-5-0-0.nii.gz,spm-5-0-0,136,right-hand,fake
41,,,,/Volumes/egermani/stargan/samples-2class/gen_img-137_orig-spm-5-0-0_target-fsl-5-0-1.nii.gz,fsl-5-0-1,137,right-hand,fake
42,,,,/Volumes/egermani/stargan/samples-2class/gen_img-138_orig-fsl-5-0-1_target-spm-5-0-0.nii.gz,spm-5-0-0,138,right-hand,fake
43,,,,/Volumes/egermani/stargan/samples-2class/gen_img-139_orig-spm-5-0-0_target-fsl-5-0-1.nii.gz,fsl-5-0-1,139,right-hand,fake
44,,,,/Volumes/egermani/stargan/samples-2class/gen_img-13_orig-spm-5-0-0_target-fsl-5-0-1.nii.gz,fsl-5-0-1,13,right-hand,fake
45,,,,/Volumes/egermani/stargan/samples-2class/gen_img-140_orig-fsl-5-0-1_target-spm-5-0-0.nii.gz,spm-5-0-0,140,right-hand,fake
46,,,,/Volumes/egermani/stargan/samples-2class/gen_img-141_orig-spm-5-0-0_target-fsl-5-0-1.nii.gz,fsl-5-0-1,141,right-hand,fake
47,,,,/Volumes/egermani/stargan/samples-2class/gen_img-142_orig-fsl-5-0-1_target-spm-5-0-0.nii.gz,spm-5-0-0,142,right-hand,fake
48,,,,/Volumes/egermani/stargan/samples-2class/gen_img-143_orig-spm-5-0-0_target-fsl-5-0-1.nii.gz,fsl-5-0-1,143,right-hand,fake
49,,,,/Volumes/egermani/stargan/samples-2class/gen_img-144_orig-fsl-5-0-1_target-spm-5-0-0.nii.gz,spm-5-0-0,144,right-hand,fake
50,,,,/Volumes/egermani/stargan/samples-2class/gen_img-145_orig-spm-5-0-0_target-fsl-5-0-1.nii.gz,fsl-5-0-1,145,right-hand,fake
51,,,,/Volumes/egermani/stargan/samples-2class/gen_img-146_orig-fsl-5-0-1_target-spm-5-0-0.nii.gz,spm-5-0-0,146,right-hand,fake
52,,,,/Volumes/egermani/stargan/samples-2class/gen_img-147_orig-spm-5-0-0_target-fsl-5-0-1.nii.gz,fsl-5-0-1,147,right-hand,fake
53,,,,/Volumes/egermani/stargan/samples-2class/gen_img-148_orig-fsl-5-0-1_target-spm-5-0-0.nii.gz,spm-5-0-0,148,right-hand,fake
54,,,,/Volumes/egermani/stargan/samples-2class/gen_img-149_orig-spm-5-0-0_target-fsl-5-0-1.nii.gz,fsl-5-0-1,149,right-hand,fake
55,,,,/Volumes/egermani/stargan/samples-2class/gen_img-14_orig-fsl-5-0-1_target-spm-5-0-0.nii.gz,spm-5-0-0,14,right-hand,fake
56,,,,/Volumes/egermani/stargan/samples-2class/gen_img-150_orig-fsl-5-0-1_target-spm-5-0-0.nii.gz,spm-5-0-0,150,right-hand,fake
57,,,,/Volumes/egermani/stargan/samples-2class/gen_img-151_orig-spm-5-0-0_target-fsl-5-0-1.nii.gz,fsl-5-0-1,151,right-hand,fake
58,,,,/Volumes/egermani/stargan/samples-2class/gen_img-152_orig-fsl-5-0-1_target-spm-5-0-0.nii.gz,spm-5-0-0,152,right-hand,fake
59,,,,/Volumes/egermani/stargan/samples-2class/gen_img-153_orig-spm-5-0-0_target-fsl-5-0-1.nii.gz,fsl-5-0-1,153,right-hand,fake
60,,,,/Volumes/egermani/stargan/samples-2class/gen_img-154_orig-fsl-5-0-1_target-spm-5-0-0.nii.gz,spm-5-0-0,154,right-hand,fake
61,,,,/Volumes/egermani/stargan/samples-2class/gen_img-155_orig-spm-5-0-0_target-fsl-5-0-1.nii.gz,fsl-5-0-1,155,right-hand,fake
62,,,,/Volumes/egermani/stargan/samples-2class/gen_img-156_orig-fsl-5-0-1_target-spm-5-0-0.nii.gz,spm-5-0-0,156,right-hand,fake
63,,,,/Volumes/egermani/stargan/samples-2class/gen_img-157_orig-spm-5-0-0_target-fsl-5-0-1.nii.gz,fsl-5-0-1,157,right-hand,fake
64,,,,/Volumes/egermani/stargan/samples-2class/gen_img-158_orig-fsl-5-0-1_target-spm-5-0-0.nii.gz,spm-5-0-0,158,right-hand,fake
65,,,,/Volumes/egermani/stargan/samples-2class/gen_img-159_orig-spm-5-0-0_target-fsl-5-0-1.nii.gz,fsl-5-0-1,159,right-hand,fake
66,,,,/Volumes/egermani/stargan/samples-2class/gen_img-15_orig-spm-5-0-0_target-fsl-5-0-1.nii.gz,fsl-5-0-1,15,right-hand,fake
67,,,,/Volumes/egermani/stargan/samples-2class/gen_img-160_orig-fsl-5-0-1_target-spm-5-0-0.nii.gz,spm-5-0-0,160,right-hand,fake
68,,,,/Volumes/egermani/stargan/samples-2class/gen_img-161_orig-spm-5-0-0_target-fsl-5-0-1.nii.gz,fsl-5-0-1,161,right-hand,fake
69,,,,/Volumes/egermani/stargan/samples-2class/gen_img-162_orig-fsl-5-0-1_target-spm-5-0-0.nii.gz,spm-5-0-0,162,right-hand,fake
70,,,,/Volumes/egermani/stargan/samples-2class/gen_img-163_orig-spm-5-0-0_target-fsl-5-0-1.nii.gz,fsl-5-0-1,163,right-hand,fake
71,,,,/Volumes/egermani/stargan/samples-2class/gen_img-164_orig-fsl-5-0-1_target-spm-5-0-0.nii.gz,spm-5-0-0,164,right-hand,fake
72,,,,/Volumes/egermani/stargan/samples-2class/gen_img-165_orig-spm-5-0-0_target-fsl-5-0-1.nii.gz,fsl-5-0-1,165,right-hand,fake
73,,,,/Volumes/egermani/stargan/samples-2class/gen_img-166_orig-fsl-5-0-1_target-spm-5-0-0.nii.gz,spm-5-0-0,166,right-hand,fake
74,,,,/Volumes/egermani/stargan/samples-2class/gen_img-167_orig-spm-5-0-0_target-fsl-5-0-1.nii.gz,fsl-5-0-1,167,right-hand,fake
75,,,,/Volumes/egermani/stargan/samples-2class/gen_img-168_orig-fsl-5-0-1_target-spm-5-0-0.nii.gz,spm-5-0-0,168,right-hand,fake
76,,,,/Volumes/egermani/stargan/samples-2class/gen_img-169_orig-spm-5-0-0_target-fsl-5-0-1.nii.gz,fsl-5-0-1,169,right-hand,fake
77,,,,/Volumes/egermani/stargan/samples-2class/gen_img-16_orig-fsl-5-0-1_target-spm-5-0-0.nii.gz,spm-5-0-0,16,right-hand,fake
78,,,,/Volumes/egermani/stargan/samples-2class/gen_img-170_orig-fsl-5-0-1_target-spm-5-0-0.nii.gz,spm-5-0-0,170,right-hand,fake
79,,,,/Volumes/egermani/stargan/samples-2class/gen_img-171_orig-spm-5-0-0_target-fsl-5-0-1.nii.gz,fsl-5-0-1,171,right-hand,fake
80,,,,/Volumes/egermani/stargan/samples-2class/gen_img-172_orig-fsl-5-0-1_target-spm-5-0-0.nii.gz,spm-5-0-0,172,right-hand,fake
81,,,,/Volumes/egermani/stargan/samples-2class/gen_img-173_orig-spm-5-0-0_target-fsl-5-0-1.nii.gz,fsl-5-0-1,173,right-hand,fake
82,,,,/Volumes/egermani/stargan/samples-2class/gen_img-174_orig-fsl-5-0-1_target-spm-5-0-0.nii.gz,spm-5-0-0,174,right-hand,fake
83,,,,/Volumes/egermani/stargan/samples-2class/gen_img-175_orig-spm-5-0-0_target-fsl-5-0-1.nii.gz,fsl-5-0-1,175,right-hand,fake
84,,,,/Volumes/egermani/stargan/samples-2class/gen_img-176_orig-fsl-5-0-1_target-spm-5-0-0.nii.gz,spm-5-0-0,176,right-hand,fake
85,,,,/Volumes/egermani/stargan/samples-2class/gen_img-177_orig-spm-5-0-0_target-fsl-5-0-1.nii.gz,fsl-5-0-1,177,right-hand,fake
86,,,,/Volumes/egermani/stargan/samples-2class/gen_img-178_orig-fsl-5-0-1_target-spm-5-0-0.nii.gz,spm-5-0-0,178,right-hand,fake
87,,,,/Volumes/egermani/stargan/samples-2class/gen_img-179_orig-spm-5-0-0_target-fsl-5-0-1.nii.gz,fsl-5-0-1,179,right-hand,fake
88,,,,/Volumes/egermani/stargan/samples-2class/gen_img-17_orig-spm-5-0-0_target-fsl-5-0-1.nii.gz,fsl-5-0-1,17,right-hand,fake
89,,,,/Volumes/egermani/stargan/samples-2class/gen_img-180_orig-fsl-5-0-1_target-spm-5-0-0.nii.gz,spm-5-0-0,180,right-hand,fake
90,,,,/Volumes/egermani/stargan/samples-2class/gen_img-181_orig-spm-5-0-0_target-fsl-5-0-1.nii.gz,fsl-5-0-1,181,right-hand,fake
91,,,,/Volumes/egermani/stargan/samples-2class/gen_img-182_orig-fsl-5-0-1_target-spm-5-0-0.nii.gz,spm-5-0-0,182,right-hand,fake
92,,,,/Volumes/egermani/stargan/samples-2class/gen_img-183_orig-spm-5-0-0_target-fsl-5-0-1.nii.gz,fsl-5-0-1,183,right-hand,fake
93,,,,/Volumes/egermani/stargan/samples-2class/gen_img-184_orig-fsl-5-0-1_target-spm-5-0-0.nii.gz,spm-5-0-0,184,right-hand,fake
94,,,,/Volumes/egermani/stargan/samples-2class/gen_img-185_orig-spm-5-0-0_target-fsl-5-0-1.nii.gz,fsl-5-0-1,185,right-hand,fake
95,,,,/Volumes/egermani/stargan/samples-2class/gen_img-186_orig-fsl-5-0-1_target-spm-5-0-0.nii.gz,spm-5-0-0,186,right-hand,fake
96,,,,/Volumes/egermani/stargan/samples-2class/gen_img-187_orig-spm-5-0-0_target-fsl-5-0-1.nii.gz,fsl-5-0-1,187,right-hand,fake
97,,,,/Volumes/egermani/stargan/samples-2class/gen_img-188_orig-fsl-5-0-1_target-spm-5-0-0.nii.gz,spm-5-0-0,188,right-hand,fake
98,,,,/Volumes/egermani/stargan/samples-2class/gen_img-189_orig-spm-5-0-0_target-fsl-5-0-1.nii.gz,fsl-5-0-1,189,right-hand,fake
99,,,,/Volumes/egermani/stargan/samples-2class/gen_img-18_orig-fsl-5-0-1_target-spm-5-0-0.nii.gz,spm-5-0-0,18,right-hand,fake
100,,,,/Volumes/egermani/stargan/samples-2class/gen_img-190_orig-fsl-5-0-1_target-spm-5-0-0.nii.gz,spm-5-0-0,190,right-hand,fake
101,,,,/Volumes/egermani/stargan/samples-2class/gen_img-191_orig-spm-5-0-0_target-fsl-5-0-1.nii.gz,fsl-5-0-1,191,right-hand,fake
102,,,,/Volumes/egermani/stargan/samples-2class/gen_img-192_orig-fsl-5-0-1_target-spm-5-0-0.nii.gz,spm-5-0-0,192,right-hand,fake
103,,,,/Volumes/egermani/stargan/samples-2class/gen_img-193_orig-spm-5-0-0_target-fsl-5-0-1.nii.gz,fsl-5-0-1,193,right-hand,fake
104,,,,/Volumes/egermani/stargan/samples-2class/gen_img-194_orig-fsl-5-0-1_target-spm-5-0-0.nii.gz,spm-5-0-0,194,right-hand,fake
105,,,,/Volumes/egermani/stargan/samples-2class/gen_img-195_orig-spm-5-0-0_target-fsl-5-0-1.nii.gz,fsl-5-0-1,195,right-hand,fake
106,,,,/Volumes/egermani/stargan/samples-2class/gen_img-196_orig-fsl-5-0-1_target-spm-5-0-0.nii.gz,spm-5-0-0,196,right-hand,fake
107,,,,/Volumes/egermani/stargan/samples-2class/gen_img-197_orig-spm-5-0-0_target-fsl-5-0-1.nii.gz,fsl-5-0-1,197,right-hand,fake
108,,,,/Volumes/egermani/stargan/samples-2class/gen_img-198_orig-fsl-5-0-1_target-spm-5-0-0.nii.gz,spm-5-0-0,198,right-hand,fake
109,,,,/Volumes/egermani/stargan/samples-2class/gen_img-199_orig-spm-5-0-0_target-fsl-5-0-1.nii.gz,fsl-5-0-1,199,right-hand,fake
110,,,,/Volumes/egermani/stargan/samples-2class/gen_img-19_orig-spm-5-0-0_target-fsl-5-0-1.nii.gz,fsl-5-0-1,19,right-hand,fake
111,,,,/Volumes/egermani/stargan/samples-2class/gen_img-1_orig-spm-5-0-0_target-fsl-5-0-1.nii.gz,fsl-5-0-1,1,right-hand,fake
112,,,,/Volumes/egermani/stargan/samples-2class/gen_img-20_orig-fsl-5-0-1_target-spm-5-0-0.nii.gz,spm-5-0-0,20,right-hand,fake
113,,,,/Volumes/egermani/stargan/samples-2class/gen_img-21_orig-spm-5-0-0_target-fsl-5-0-1.nii.gz,fsl-5-0-1,21,right-hand,fake
114,,,,/Volumes/egermani/stargan/samples-2class/gen_img-22_orig-fsl-5-0-1_target-spm-5-0-0.nii.gz,spm-5-0-0,22,right-hand,fake
115,,,,/Volumes/egermani/stargan/samples-2class/gen_img-23_orig-spm-5-0-0_target-fsl-5-0-1.nii.gz,fsl-5-0-1,23,right-hand,fake
116,,,,/Volumes/egermani/stargan/samples-2class/gen_img-24_orig-fsl-5-0-1_target-spm-5-0-0.nii.gz,spm-5-0-0,24,right-hand,fake
117,,,,/Volumes/egermani/stargan/samples-2class/gen_img-25_orig-spm-5-0-0_target-fsl-5-0-1.nii.gz,fsl-5-0-1,25,right-hand,fake
118,,,,/Volumes/egermani/stargan/samples-2class/gen_img-26_orig-fsl-5-0-1_target-spm-5-0-0.nii.gz,spm-5-0-0,26,right-hand,fake
119,,,,/Volumes/egermani/stargan/samples-2class/gen_img-27_orig-spm-5-0-0_target-fsl-5-0-1.nii.gz,fsl-5-0-1,27,right-hand,fake
120,,,,/Volumes/egermani/stargan/samples-2class/gen_img-28_orig-fsl-5-0-1_target-spm-5-0-0.nii.gz,spm-5-0-0,28,right-hand,fake
121,,,,/Volumes/egermani/stargan/samples-2class/gen_img-29_orig-spm-5-0-0_target-fsl-5-0-1.nii.gz,fsl-5-0-1,29,right-hand,fake
122,,,,/Volumes/egermani/stargan/samples-2class/gen_img-2_orig-fsl-5-0-1_target-spm-5-0-0.nii.gz,spm-5-0-0,2,right-hand,fake
123,,,,/Volumes/egermani/stargan/samples-2class/gen_img-30_orig-fsl-5-0-1_target-spm-5-0-0.nii.gz,spm-5-0-0,30,right-hand,fake
124,,,,/Volumes/egermani/stargan/samples-2class/gen_img-31_orig-spm-5-0-0_target-fsl-5-0-1.nii.gz,fsl-5-0-1,31,right-hand,fake
125,,,,/Volumes/egermani/stargan/samples-2class/gen_img-32_orig-fsl-5-0-1_target-spm-5-0-0.nii.gz,spm-5-0-0,32,right-hand,fake
126,,,,/Volumes/egermani/stargan/samples-2class/gen_img-33_orig-spm-5-0-0_target-fsl-5-0-1.nii.gz,fsl-5-0-1,33,right-hand,fake
127,,,,/Volumes/egermani/stargan/samples-2class/gen_img-34_orig-fsl-5-0-1_target-spm-5-0-0.nii.gz,spm-5-0-0,34,right-hand,fake
128,,,,/Volumes/egermani/stargan/samples-2class/gen_img-35_orig-spm-5-0-0_target-fsl-5-0-1.nii.gz,fsl-5-0-1,35,right-hand,fake
129,,,,/Volumes/egermani/stargan/samples-2class/gen_img-36_orig-fsl-5-0-1_target-spm-5-0-0.nii.gz,spm-5-0-0,36,right-hand,fake
130,,,,/Volumes/egermani/stargan/samples-2class/gen_img-37_orig-spm-5-0-0_target-fsl-5-0-1.nii.gz,fsl-5-0-1,37,right-hand,fake
131,,,,/Volumes/egermani/stargan/samples-2class/gen_img-38_orig-fsl-5-0-1_target-spm-5-0-0.nii.gz,spm-5-0-0,38,right-hand,fake
132,,,,/Volumes/egermani/stargan/samples-2class/gen_img-39_orig-spm-5-0-0_target-fsl-5-0-1.nii.gz,fsl-5-0-1,39,right-hand,fake
133,,,,/Volumes/egermani/stargan/samples-2class/gen_img-3_orig-spm-5-0-0_target-fsl-5-0-1.nii.gz,fsl-5-0-1,3,right-hand,fake
134,,,,/Volumes/egermani/stargan/samples-2class/gen_img-40_orig-fsl-5-0-1_target-spm-5-0-0.nii.gz,spm-5-0-0,40,right-hand,fake
135,,,,/Volumes/egermani/stargan/samples-2class/gen_img-41_orig-spm-5-0-0_target-fsl-5-0-1.nii.gz,fsl-5-0-1,41,right-hand,fake
136,,,,/Volumes/egermani/stargan/samples-2class/gen_img-42_orig-fsl-5-0-1_target-spm-5-0-0.nii.gz,spm-5-0-0,42,right-hand,fake
137,,,,/Volumes/egermani/stargan/samples-2class/gen_img-43_orig-spm-5-0-0_target-fsl-5-0-1.nii.gz,fsl-5-0-1,43,right-hand,fake
138,,,,/Volumes/egermani/stargan/samples-2class/gen_img-44_orig-fsl-5-0-1_target-spm-5-0-0.nii.gz,spm-5-0-0,44,right-hand,fake
139,,,,/Volumes/egermani/stargan/samples-2class/gen_img-45_orig-spm-5-0-0_target-fsl-5-0-1.nii.gz,fsl-5-0-1,45,right-hand,fake
140,,,,/Volumes/egermani/stargan/samples-2class/gen_img-46_orig-fsl-5-0-1_target-spm-5-0-0.nii.gz,spm-5-0-0,46,right-hand,fake
141,,,,/Volumes/egermani/stargan/samples-2class/gen_img-47_orig-spm-5-0-0_target-fsl-5-0-1.nii.gz,fsl-5-0-1,47,right-hand,fake
142,,,,/Volumes/egermani/stargan/samples-2class/gen_img-48_orig-fsl-5-0-1_target-spm-5-0-0.nii.gz,spm-5-0-0,48,right-hand,fake
143,,,,/Volumes/egermani/stargan/samples-2class/gen_img-49_orig-spm-5-0-0_target-fsl-5-0-1.nii.gz,fsl-5-0-1,49,right-hand,fake
144,,,,/Volumes/egermani/stargan/samples-2class/gen_img-4_orig-fsl-5-0-1_target-spm-5-0-0.nii.gz,spm-5-0-0,4,right-hand,fake
145,,,,/Volumes/egermani/stargan/samples-2class/gen_img-50_orig-fsl-5-0-1_target-spm-5-0-0.nii.gz,spm-5-0-0,50,right-hand,fake
146,,,,/Volumes/egermani/stargan/samples-2class/gen_img-51_orig-spm-5-0-0_target-fsl-5-0-1.nii.gz,fsl-5-0-1,51,right-hand,fake
147,,,,/Volumes/egermani/stargan/samples-2class/gen_img-52_orig-fsl-5-0-1_target-spm-5-0-0.nii.gz,spm-5-0-0,52,right-hand,fake
148,,,,/Volumes/egermani/stargan/samples-2class/gen_img-53_orig-spm-5-0-0_target-fsl-5-0-1.nii.gz,fsl-5-0-1,53,right-hand,fake
149,,,,/Volumes/egermani/stargan/samples-2class/gen_img-54_orig-fsl-5-0-1_target-spm-5-0-0.nii.gz,spm-5-0-0,54,right-hand,fake
150,,,,/Volumes/egermani/stargan/samples-2class/gen_img-55_orig-spm-5-0-0_target-fsl-5-0-1.nii.gz,fsl-5-0-1,55,right-hand,fake
151,,,,/Volumes/egermani/stargan/samples-2class/gen_img-56_orig-fsl-5-0-1_target-spm-5-0-0.nii.gz,spm-5-0-0,56,right-hand,fake
152,,,,/Volumes/egermani/stargan/samples-2class/gen_img-57_orig-spm-5-0-0_target-fsl-5-0-1.nii.gz,fsl-5-0-1,57,right-hand,fake
153,,,,/Volumes/egermani/stargan/samples-2class/gen_img-58_orig-fsl-5-0-1_target-spm-5-0-0.nii.gz,spm-5-0-0,58,right-hand,fake
154,,,,/Volumes/egermani/stargan/samples-2class/gen_img-59_orig-spm-5-0-0_target-fsl-5-0-1.nii.gz,fsl-5-0-1,59,right-hand,fake
155,,,,/Volumes/egermani/stargan/samples-2class/gen_img-5_orig-spm-5-0-0_target-fsl-5-0-1.nii.gz,fsl-5-0-1,5,right-hand,fake
156,,,,/Volumes/egermani/stargan/samples-2class/gen_img-60_orig-fsl-5-0-1_target-spm-5-0-0.nii.gz,spm-5-0-0,60,right-hand,fake
157,,,,/Volumes/egermani/stargan/samples-2class/gen_img-61_orig-spm-5-0-0_target-fsl-5-0-1.nii.gz,fsl-5-0-1,61,right-hand,fake
158,,,,/Volumes/egermani/stargan/samples-2class/gen_img-62_orig-fsl-5-0-1_target-spm-5-0-0.nii.gz,spm-5-0-0,62,right-hand,fake
159,,,,/Volumes/egermani/stargan/samples-2class/gen_img-63_orig-spm-5-0-0_target-fsl-5-0-1.nii.gz,fsl-5-0-1,63,right-hand,fake
160,,,,/Volumes/egermani/stargan/samples-2class/gen_img-64_orig-fsl-5-0-1_target-spm-5-0-0.nii.gz,spm-5-0-0,64,right-hand,fake
161,,,,/Volumes/egermani/stargan/samples-2class/gen_img-65_orig-spm-5-0-0_target-fsl-5-0-1.nii.gz,fsl-5-0-1,65,right-hand,fake
162,,,,/Volumes/egermani/stargan/samples-2class/gen_img-66_orig-fsl-5-0-1_target-spm-5-0-0.nii.gz,spm-5-0-0,66,right-hand,fake
163,,,,/Volumes/egermani/stargan/samples-2class/gen_img-67_orig-spm-5-0-0_target-fsl-5-0-1.nii.gz,fsl-5-0-1,67,right-hand,fake
164,,,,/Volumes/egermani/stargan/samples-2class/gen_img-68_orig-fsl-5-0-1_target-spm-5-0-0.nii.gz,spm-5-0-0,68,right-hand,fake
165,,,,/Volumes/egermani/stargan/samples-2class/gen_img-69_orig-spm-5-0-0_target-fsl-5-0-1.nii.gz,fsl-5-0-1,69,right-hand,fake
166,,,,/Volumes/egermani/stargan/samples-2class/gen_img-6_orig-fsl-5-0-1_target-spm-5-0-0.nii.gz,spm-5-0-0,6,right-hand,fake
167,,,,/Volumes/egermani/stargan/samples-2class/gen_img-70_orig-fsl-5-0-1_target-spm-5-0-0.nii.gz,spm-5-0-0,70,right-hand,fake
168,,,,/Volumes/egermani/stargan/samples-2class/gen_img-71_orig-spm-5-0-0_target-fsl-5-0-1.nii.gz,fsl-5-0-1,71,right-hand,fake
169,,,,/Volumes/egermani/stargan/samples-2class/gen_img-72_orig-fsl-5-0-1_target-spm-5-0-0.nii.gz,spm-5-0-0,72,right-hand,fake
170,,,,/Volumes/egermani/stargan/samples-2class/gen_img-73_orig-spm-5-0-0_target-fsl-5-0-1.nii.gz,fsl-5-0-1,73,right-hand,fake
171,,,,/Volumes/egermani/stargan/samples-2class/gen_img-74_orig-fsl-5-0-1_target-spm-5-0-0.nii.gz,spm-5-0-0,74,right-hand,fake
172,,,,/Volumes/egermani/stargan/samples-2class/gen_img-75_orig-spm-5-0-0_target-fsl-5-0-1.nii.gz,fsl-5-0-1,75,right-hand,fake
173,,,,/Volumes/egermani/stargan/samples-2class/gen_img-76_orig-fsl-5-0-1_target-spm-5-0-0.nii.gz,spm-5-0-0,76,right-hand,fake
174,,,,/Volumes/egermani/stargan/samples-2class/gen_img-77_orig-spm-5-0-0_target-fsl-5-0-1.nii.gz,fsl-5-0-1,77,right-hand,fake
175,,,,/Volumes/egermani/stargan/samples-2class/gen_img-78_orig-fsl-5-0-1_target-spm-5-0-0.nii.gz,spm-5-0-0,78,right-hand,fake
176,,,,/Volumes/egermani/stargan/samples-2class/gen_img-79_orig-spm-5-0-0_target-fsl-5-0-1.nii.gz,fsl-5-0-1,79,right-hand,fake
177,,,,/Volumes/egermani/stargan/samples-2class/gen_img-7_orig-spm-5-0-0_target-fsl-5-0-1.nii.gz,fsl-5-0-1,7,right-hand,fake
178,,,,/Volumes/egermani/stargan/samples-2class/gen_img-80_orig-fsl-5-0-1_target-spm-5-0-0.nii.gz,spm-5-0-0,80,right-hand,fake
179,,,,/Volumes/egermani/stargan/samples-2class/gen_img-81_orig-spm-5-0-0_target-fsl-5-0-1.nii.gz,fsl-5-0-1,81,right-hand,fake
180,,,,/Volumes/egermani/stargan/samples-2class/gen_img-82_orig-fsl-5-0-1_target-spm-5-0-0.nii.gz,spm-5-0-0,82,right-hand,fake
181,,,,/Volumes/egermani/stargan/samples-2class/gen_img-83_orig-spm-5-0-0_target-fsl-5-0-1.nii.gz,fsl-5-0-1,83,right-hand,fake
182,,,,/Volumes/egermani/stargan/samples-2class/gen_img-84_orig-fsl-5-0-1_target-spm-5-0-0.nii.gz,spm-5-0-0,84,right-hand,fake
183,,,,/Volumes/egermani/stargan/samples-2class/gen_img-85_orig-spm-5-0-0_target-fsl-5-0-1.nii.gz,fsl-5-0-1,85,right-hand,fake
184,,,,/Volumes/egermani/stargan/samples-2class/gen_img-86_orig-fsl-5-0-1_target-spm-5-0-0.nii.gz,spm-5-0-0,86,right-hand,fake
185,,,,/Volumes/egermani/stargan/samples-2class/gen_img-87_orig-spm-5-0-0_target-fsl-5-0-1.nii.gz,fsl-5-0-1,87,right-hand,fake
186,,,,/Volumes/egermani/stargan/samples-2class/gen_img-88_orig-fsl-5-0-1_target-spm-5-0-0.nii.gz,spm-5-0-0,88,right-hand,fake
187,,,,/Volumes/egermani/stargan/samples-2class/gen_img-89_orig-spm-5-0-0_target-fsl-5-0-1.nii.gz,fsl-5-0-1,89,right-hand,fake
188,,,,/Volumes/egermani/stargan/samples-2class/gen_img-8_orig-fsl-5-0-1_target-spm-5-0-0.nii.gz,spm-5-0-0,8,right-hand,fake
189,,,,/Volumes/egermani/stargan/samples-2class/gen_img-90_orig-fsl-5-0-1_target-spm-5-0-0.nii.gz,spm-5-0-0,90,right-hand,fake
190,,,,/Volumes/egermani/stargan/samples-2class/gen_img-91_orig-spm-5-0-0_target-fsl-5-0-1.nii.gz,fsl-5-0-1,91,right-hand,fake
191,,,,/Volumes/egermani/stargan/samples-2class/gen_img-92_orig-fsl-5-0-1_target-spm-5-0-0.nii.gz,spm-5-0-0,92,right-hand,fake
192,,,,/Volumes/egermani/stargan/samples-2class/gen_img-93_orig-spm-5-0-0_target-fsl-5-0-1.nii.gz,fsl-5-0-1,93,right-hand,fake
193,,,,/Volumes/egermani/stargan/samples-2class/gen_img-94_orig-fsl-5-0-1_target-spm-5-0-0.nii.gz,spm-5-0-0,94,right-hand,fake
194,,,,/Volumes/egermani/stargan/samples-2class/gen_img-95_orig-spm-5-0-0_target-fsl-5-0-1.nii.gz,fsl-5-0-1,95,right-hand,fake
195,,,,/Volumes/egermani/stargan/samples-2class/gen_img-96_orig-fsl-5-0-1_target-spm-5-0-0.nii.gz,spm-5-0-0,96,right-hand,fake
196,,,,/Volumes/egermani/stargan/samples-2class/gen_img-97_orig-spm-5-0-0_target-fsl-5-0-1.nii.gz,fsl-5-0-1,97,right-hand,fake
197,,,,/Volumes/egermani/stargan/samples-2class/gen_img-98_orig-fsl-5-0-1_target-spm-5-0-0.nii.gz,spm-5-0-0,98,right-hand,fake
198,,,,/Volumes/egermani/stargan/samples-2class/gen_img-99_orig-spm-5-0-0_target-fsl-5-0-1.nii.gz,fsl-5-0-1,99,right-hand,fake
199,,,,/Volumes/egermani/stargan/samples-2class/gen_img-9_orig-spm-5-0-0_target-fsl-5-0-1.nii.gz,fsl-5-0-1,9,right-hand,fake
